{
  "train": {
    "n": 139996,
    "n_disease": 69996,
    "n_healthy": 70000,
    "accuracy": 0.992606931626618,
    "f1_macro": 0.9926069312641105,
    "precision_macro": 0.9926070102601919,
    "recall_macro": 0.9926069261100634,
    "roc_auc": 0.9996666498289698,
    "confusion_matrix": [
      [
        69496,
        504
      ],
      [
        531,
        69465
      ]
    ]
  },
  "val": {
    "n": 30000,
    "n_disease": 15000,
    "n_healthy": 15000,
    "accuracy": 0.9799666666666667,
    "f1_macro": 0.979966661658332,
    "precision_macro": 0.9799671466338133,
    "recall_macro": 0.9799666666666667,
    "roc_auc": 0.9980167466666667,
    "confusion_matrix": [
      [
        14707,
        293
      ],
      [
        308,
        14692
      ]
    ]
  },
  "test": {
    "n": 30000,
    "n_disease": 15000,
    "n_healthy": 15000,
    "accuracy": 0.9790333333333333,
    "f1_macro": 0.979033332750926,
    "precision_macro": 0.9790333865592652,
    "recall_macro": 0.9790333333333333,
    "roc_auc": 0.9980361866666667,
    "confusion_matrix": [
      [
        14688,
        312
      ],
      [
        317,
        14683
      ]
    ]
  }
}