{
  "train": {
    "n": 139999,
    "n_disease": 70000,
    "n_healthy": 69999,
    "accuracy": 0.9237565982614162,
    "f1_macro": 0.9237427736209015,
    "precision_macro": 0.9240638524268056,
    "recall_macro": 0.923756502133704,
    "roc_auc": 0.9787425197910989,
    "confusion_matrix": [
      [
        63720,
        6279
      ],
      [
        4395,
        65605
      ]
    ]
  },
  "val": {
    "n": 30001,
    "n_disease": 15000,
    "n_healthy": 15001,
    "accuracy": 0.8993366887770408,
    "f1_macro": 0.8993254487652995,
    "precision_macro": 0.8995160238753095,
    "recall_macro": 0.8993370419749795,
    "roc_auc": 0.9648607581716775,
    "confusion_matrix": [
      [
        13332,
        1669
      ],
      [
        1351,
        13649
      ]
    ]
  },
  "test": {
    "n": 30000,
    "n_disease": 15000,
    "n_healthy": 15000,
    "accuracy": 0.8999666666666667,
    "f1_macro": 0.8999456302354236,
    "precision_macro": 0.9003033217602671,
    "recall_macro": 0.8999666666666666,
    "roc_auc": 0.9654420822222223,
    "confusion_matrix": [
      [
        13282,
        1718
      ],
      [
        1283,
        13717
      ]
    ]
  }
}