{
  "train": {
    "n": 53964,
    "n_disease": 23428,
    "n_healthy": 30536,
    "accuracy": 0.9843043510488474,
    "f1_macro": 0.9840504248447715,
    "precision_macro": 0.9833942757931564,
    "recall_macro": 0.9847699280453641,
    "roc_auc": 0.9984752684482749,
    "confusion_matrix": [
      [
        29963,
        573
      ],
      [
        274,
        23154
      ]
    ]
  },
  "val": {
    "n": 11564,
    "n_disease": 5021,
    "n_healthy": 6543,
    "accuracy": 0.9710307851954341,
    "f1_macro": 0.9705853783360933,
    "precision_macro": 0.9696527899014588,
    "recall_macro": 0.9716667453519305,
    "roc_auc": 0.9955851479114024,
    "confusion_matrix": [
      [
        6326,
        217
      ],
      [
        118,
        4903
      ]
    ]
  },
  "test": {
    "n": 11564,
    "n_disease": 5020,
    "n_healthy": 6544,
    "accuracy": 0.9710307851954341,
    "f1_macro": 0.9705891836198468,
    "precision_macro": 0.9695923784438263,
    "recall_macro": 0.9717597215051773,
    "roc_auc": 0.9957790476236863,
    "confusion_matrix": [
      [
        6323,
        221
      ],
      [
        114,
        4906
      ]
    ]
  }
}